,customer_id_legacy,transaction_id,purchase_amount,purchase_date,product_category,customer_rating,cluster,customer_id_new,social_media_platform,engagement_score,purchase_interest_score,review_sentiment,normalized_sm_engagement,days_since_purchase,recency_weight,purchase_amount_normalized,sentiment_numeric,customer_engagement_score,ma_3_purchases,ma_6_purchases,purchase_month,purchase_day_of_week,purchase_hour,days_since_prev_purchase,avg_monthly_purchases,purchase_quarter,avg_q1_spend,avg_q2_spend,preferred_category,sm_Facebook,sm_Instagram,sm_LinkedIn,sm_TikTok,sm_Twitter,LinkedIn_engagement,Twitter_engagement,Facebook_engagement,nan_engagement,Instagram_engagement,TikTok_engagement
0,106,1047,397,2024-02-16,Sports,1.7,4,A102,LinkedIn,51.0,4.8,Neutral,2.0408163265306123,394,0.14328934928685827,77.92792792792793,,,397.0,397.0,2,4,0,,1.0,1,397.0,250.0,Clothing,False,False,True,False,False,51.0,,,,,
1,106,1126,250,2024-05-05,Clothing,3.5,0,A102,LinkedIn,51.0,4.8,Neutral,2.0408163265306123,315,0.1480222258908629,44.81981981981982,,,323.5,323.5,5,6,0,79.0,1.0,2,397.0,250.0,Clothing,False,False,True,False,False,51.0,,,,,
2,141,1033,219,2024-02-02,Groceries,1.4,3,A107,Twitter,96.0,1.9,Neutral,93.87755102040816,408,0.14257778905355611,37.83783783783784,,,219.0,219.0,2,4,0,,3.0,1,219.0,452.0,Electronics,False,False,False,False,True,,96.0,,,,
3,141,1033,219,2024-02-02,Groceries,1.4,3,A107,Facebook,62.0,4.4,Positive,24.489795918367346,408,0.14257778905355611,37.83783783783784,,,219.0,219.0,2,4,0,0.0,3.0,1,219.0,452.0,Electronics,True,False,False,False,False,,,62.0,,,
4,141,1033,219,2024-02-02,Groceries,1.4,3,A107,Twitter,73.0,4.2,Positive,46.93877551020408,408,0.14257778905355611,37.83783783783784,,,219.0,219.0,2,4,0,0.0,3.0,1,219.0,452.0,Electronics,False,False,False,False,True,,73.0,,,,
5,136,1136,452,2024-05-15,Electronics,2.5,1,A107,Twitter,96.0,1.9,Neutral,93.87755102040816,305,0.1487301766597142,90.31531531531532,,,296.6666666666667,277.25,5,2,0,103.0,3.0,2,219.0,452.0,Electronics,False,False,False,False,True,,96.0,,,,
6,136,1136,452,2024-05-15,Electronics,2.5,1,A107,Facebook,62.0,4.4,Positive,24.489795918367346,305,0.1487301766597142,90.31531531531532,,,374.3333333333333,312.2,5,2,0,0.0,3.0,2,219.0,452.0,Electronics,True,False,False,False,False,,,62.0,,,
7,136,1136,452,2024-05-15,Electronics,2.5,1,A107,Twitter,73.0,4.2,Positive,46.93877551020408,305,0.1487301766597142,90.31531531531532,,,452.0,335.5,5,2,0,0.0,3.0,2,219.0,452.0,Electronics,False,False,False,False,True,,73.0,,,,
8,194,1088,130,2024-03-28,Electronics,2.4,2,A110,,,,,,353,0.14557530598044857,17.792792792792792,,,130.0,130.0,3,3,0,,1.0,1,130.0,0.0,Electronics,False,False,False,False,False,,,,,,
9,179,1036,490,2024-02-05,Clothing,1.7,1,A111,Instagram,98.0,4.1,Negative,97.95918367346938,405,0.14272760410736185,98.87387387387388,,,490.0,490.0,2,0,0,,1.0,1,490.0,274.0,Clothing,False,True,False,False,False,,,,,98.0,
10,179,1097,274,2024-04-06,Groceries,4.3,0,A111,Instagram,98.0,4.1,Negative,97.95918367346938,344,0.14612311092937816,50.22522522522522,,,382.0,382.0,4,5,0,61.0,1.0,2,490.0,274.0,Clothing,False,True,False,False,False,,,,,98.0,
11,129,1019,280,2024-01-19,Electronics,4.0,0,A114,Facebook,87.0,4.8,Negative,75.51020408163265,422,0.1418968623472544,51.57657657657658,,,280.0,280.0,1,4,0,,1.0,1,278.0,0.0,Electronics,True,False,False,False,False,,,87.0,,,
12,191,1034,94,2024-02-03,Electronics,3.0,2,A114,Facebook,87.0,4.8,Negative,75.51020408163265,407,0.14262757004192797,9.684684684684685,,,187.0,187.0,2,5,0,15.0,1.0,1,278.0,0.0,Electronics,True,False,False,False,False,,,87.0,,,
13,191,1061,460,2024-03-01,Sports,4.6,1,A114,Facebook,87.0,4.8,Negative,75.51020408163265,380,0.14403412024011578,92.11711711711712,,,278.0,278.0,3,4,0,27.0,1.0,1,278.0,0.0,Electronics,True,False,False,False,False,,,87.0,,,
14,101,1017,271,2024-01-17,Books,2.1,0,A116,Twitter,78.0,1.1,Negative,57.142857142857146,424,0.14180195060586845,49.549549549549546,,,271.0,271.0,1,2,0,,6.25,1,254.0,465.0,Books,False,False,False,False,True,,78.0,,,,
15,101,1017,271,2024-01-17,Books,2.1,0,A116,LinkedIn,89.0,2.4,Neutral,79.59183673469387,424,0.14180195060586845,49.549549549549546,,,271.0,271.0,1,2,0,0.0,6.25,1,254.0,465.0,Books,False,False,True,False,False,89.0,,,,,
16,101,1017,271,2024-01-17,Books,2.1,0,A116,Instagram,81.0,4.6,Neutral,63.265306122448976,424,0.14180195060586845,49.549549549549546,,,271.0,271.0,1,2,0,0.0,6.25,1,254.0,465.0,Books,False,True,False,False,False,,,,,81.0,
17,101,1017,271,2024-01-17,Books,2.1,0,A116,TikTok,83.0,1.2,Negative,67.34693877551021,424,0.14180195060586845,49.549549549549546,,,271.0,271.0,1,2,0,0.0,6.25,1,254.0,465.0,Books,False,False,False,True,False,,,,,,83.0
18,101,1017,271,2024-01-17,Books,2.1,0,A116,Twitter,78.0,1.1,Negative,57.142857142857146,424,0.14180195060586845,49.549549549549546,,,271.0,271.0,1,2,0,0.0,6.25,1,254.0,465.0,Books,False,False,False,False,True,,78.0,,,,
19,101,1021,192,2024-01-21,Groceries,3.4,3,A116,Twitter,78.0,1.1,Negative,57.142857142857146,420,0.14199235195357046,31.756756756756758,,,244.66666666666666,257.8333333333333,1,6,0,4.0,6.25,1,254.0,465.0,Books,False,False,False,False,True,,78.0,,,,
20,101,1021,192,2024-01-21,Groceries,3.4,3,A116,LinkedIn,89.0,2.4,Neutral,79.59183673469387,420,0.14199235195357046,31.756756756756758,,,218.33333333333334,244.66666666666666,1,6,0,0.0,6.25,1,254.0,465.0,Books,False,False,True,False,False,89.0,,,,,
21,101,1021,192,2024-01-21,Groceries,3.4,3,A116,Instagram,81.0,4.6,Neutral,63.265306122448976,420,0.14199235195357046,31.756756756756758,,,192.0,231.5,1,6,0,0.0,6.25,1,254.0,465.0,Books,False,True,False,False,False,,,,,81.0,
22,101,1021,192,2024-01-21,Groceries,3.4,3,A116,TikTok,83.0,1.2,Negative,67.34693877551021,420,0.14199235195357046,31.756756756756758,,,192.0,218.33333333333334,1,6,0,0.0,6.25,1,254.0,465.0,Books,False,False,False,True,False,,,,,,83.0
23,101,1021,192,2024-01-21,Groceries,3.4,3,A116,Twitter,78.0,1.1,Negative,57.142857142857146,420,0.14199235195357046,31.756756756756758,,,192.0,205.16666666666666,1,6,0,0.0,6.25,1,254.0,465.0,Books,False,False,False,False,True,,78.0,,,,
24,101,1059,408,2024-02-28,Books,2.5,4,A116,Twitter,78.0,1.1,Negative,57.142857142857146,382,0.14392558493979693,80.4054054054054,,,264.0,228.0,2,2,0,38.0,6.25,1,254.0,465.0,Books,False,False,False,False,True,,78.0,,,,
25,101,1059,408,2024-02-28,Books,2.5,4,A116,LinkedIn,89.0,2.4,Neutral,79.59183673469387,382,0.14392558493979693,80.4054054054054,,,336.0,264.0,2,2,0,0.0,6.25,1,254.0,465.0,Books,False,False,True,False,False,89.0,,,,,
26,101,1059,408,2024-02-28,Books,2.5,4,A116,Instagram,81.0,4.6,Neutral,63.265306122448976,382,0.14392558493979693,80.4054054054054,,,408.0,300.0,2,2,0,0.0,6.25,1,254.0,465.0,Books,False,True,False,False,False,,,,,81.0,
27,101,1059,408,2024-02-28,Books,2.5,4,A116,TikTok,83.0,1.2,Negative,67.34693877551021,382,0.14392558493979693,80.4054054054054,,,408.0,336.0,2,2,0,0.0,6.25,1,254.0,465.0,Books,False,False,False,True,False,,,,,,83.0
28,101,1059,408,2024-02-28,Books,2.5,4,A116,Twitter,78.0,1.1,Negative,57.142857142857146,382,0.14392558493979693,80.4054054054054,,,408.0,372.0,2,2,0,0.0,6.25,1,254.0,465.0,Books,False,False,False,False,True,,78.0,,,,
29,101,1073,145,2024-03-13,Books,2.1,3,A116,Twitter,78.0,1.1,Negative,57.142857142857146,368,0.14470111790401796,21.17117117117117,,,320.3333333333333,364.1666666666667,3,2,0,14.0,6.25,1,254.0,465.0,Books,False,False,False,False,True,,78.0,,,,
30,101,1073,145,2024-03-13,Books,2.1,3,A116,LinkedIn,89.0,2.4,Neutral,79.59183673469387,368,0.14470111790401796,21.17117117117117,,,232.66666666666666,320.3333333333333,3,2,0,0.0,6.25,1,254.0,465.0,Books,False,False,True,False,False,89.0,,,,,
31,101,1073,145,2024-03-13,Books,2.1,3,A116,Instagram,81.0,4.6,Neutral,63.265306122448976,368,0.14470111790401796,21.17117117117117,,,145.0,276.5,3,2,0,0.0,6.25,1,254.0,465.0,Books,False,True,False,False,False,,,,,81.0,
32,101,1073,145,2024-03-13,Books,2.1,3,A116,TikTok,83.0,1.2,Negative,67.34693877551021,368,0.14470111790401796,21.17117117117117,,,145.0,232.66666666666666,3,2,0,0.0,6.25,1,254.0,465.0,Books,False,False,False,True,False,,,,,,83.0
33,101,1073,145,2024-03-13,Books,2.1,3,A116,Twitter,78.0,1.1,Negative,57.142857142857146,368,0.14470111790401796,21.17117117117117,,,145.0,188.83333333333334,3,2,0,0.0,6.25,1,254.0,465.0,Books,False,False,False,False,True,,78.0,,,,
34,144,1107,465,2024-04-16,Clothing,3.3,1,A116,Twitter,78.0,1.1,Negative,57.142857142857146,334,0.14675386615057467,93.24324324324324,,,251.66666666666666,198.33333333333334,4,1,0,34.0,6.25,2,254.0,465.0,Books,False,False,False,False,True,,78.0,,,,
35,144,1107,465,2024-04-16,Clothing,3.3,1,A116,LinkedIn,89.0,2.4,Neutral,79.59183673469387,334,0.14675386615057467,93.24324324324324,,,358.3333333333333,251.66666666666666,4,1,0,0.0,6.25,2,254.0,465.0,Books,False,False,True,False,False,89.0,,,,,
36,144,1107,465,2024-04-16,Clothing,3.3,1,A116,Instagram,81.0,4.6,Neutral,63.265306122448976,334,0.14675386615057467,93.24324324324324,,,465.0,305.0,4,1,0,0.0,6.25,2,254.0,465.0,Books,False,True,False,False,False,,,,,81.0,
37,144,1107,465,2024-04-16,Clothing,3.3,1,A116,TikTok,83.0,1.2,Negative,67.34693877551021,334,0.14675386615057467,93.24324324324324,,,465.0,358.3333333333333,4,1,0,0.0,6.25,2,254.0,465.0,Books,False,False,False,True,False,,,,,,83.0
38,144,1107,465,2024-04-16,Clothing,3.3,1,A116,Twitter,78.0,1.1,Negative,57.142857142857146,334,0.14675386615057467,93.24324324324324,,,465.0,411.6666666666667,4,1,0,0.0,6.25,2,254.0,465.0,Books,False,False,False,False,True,,78.0,,,,
39,161,1038,333,2024-02-07,Clothing,2.6,4,A118,Facebook,76.0,3.9,Negative,53.06122448979592,403,0.14282827363191558,63.513513513513516,,,333.0,333.0,2,2,0,,1.5,1,163.25,297.5,Groceries,True,False,False,False,False,,,76.0,,,
40,161,1039,77,2024-02-08,Groceries,2.985,2,A118,Facebook,76.0,3.9,Negative,53.06122448979592,402,0.14287884897214445,5.8558558558558556,,,205.0,205.0,2,3,0,1.0,1.5,1,163.25,297.5,Groceries,True,False,False,False,False,,,76.0,,,
41,161,1041,93,2024-02-10,Electronics,1.2,2,A118,Facebook,76.0,3.9,Negative,53.06122448979592,400,0.1429804854364357,9.45945945945946,,,167.66666666666666,167.66666666666666,2,5,0,2.0,1.5,1,163.25,297.5,Groceries,True,False,False,False,False,,,76.0,,,
42,161,1085,150,2024-03-25,Sports,2.7,3,A118,Facebook,76.0,3.9,Negative,53.06122448979592,356,0.14539668747513973,22.2972972972973,,,106.66666666666667,163.25,3,0,0,44.0,1.5,1,163.25,297.5,Groceries,True,False,False,False,False,,,76.0,,,
43,161,1094,103,2024-04-03,Groceries,1.4,2,A118,Facebook,76.0,3.9,Negative,53.06122448979592,347,0.14593847787651962,11.711711711711711,,,115.33333333333333,151.2,4,2,0,9.0,1.5,2,163.25,297.5,Groceries,True,False,False,False,False,,,76.0,,,
44,161,1134,492,2024-05-13,Sports,1.3,1,A118,Facebook,76.0,3.9,Negative,53.06122448979592,307,0.14858620707673487,99.32432432432432,,,248.33333333333334,208.0,5,0,0,40.0,1.5,2,163.25,297.5,Groceries,True,False,False,False,False,,,76.0,,,
45,164,1108,296,2024-04-17,Groceries,3.5,0,A119,,,,,,333,0.1468182792033154,55.18018018018018,,,296.0,296.0,4,2,0,,1.0,2,0.0,326.5,Groceries,False,False,False,False,False,,,,,,
46,164,1142,357,2024-05-21,Sports,2.5,4,A119,,,,,,299,0.14916951792223604,68.91891891891892,,,326.5,326.5,5,1,0,34.0,1.0,2,0.0,326.5,Groceries,False,False,False,False,False,,,,,,
47,134,1067,283,2024-03-07,Sports,3.7,0,A120,Facebook,83.0,1.4,Positive,67.34693877551021,374,0.14436418062655829,52.252252252252255,,,283.0,283.0,3,3,0,,4.0,1,283.0,214.0,Sports,True,False,False,False,False,,,83.0,,,
48,134,1067,283,2024-03-07,Sports,3.7,0,A120,Instagram,56.0,3.0,Positive,12.244897959183673,374,0.14436418062655829,52.252252252252255,,,283.0,283.0,3,3,0,0.0,4.0,1,283.0,214.0,Sports,False,True,False,False,False,,,,,56.0,
49,134,1067,283,2024-03-07,Sports,3.7,0,A120,Instagram,92.0,3.6,Positive,85.71428571428571,374,0.14436418062655829,52.252252252252255,,,283.0,283.0,3,3,0,0.0,4.0,1,283.0,214.0,Sports,False,True,False,False,False,,,,,92.0,
50,134,1120,147,2024-04-29,Groceries,2.8,3,A120,Facebook,83.0,1.4,Positive,67.34693877551021,321,0.1476112467780536,21.62162162162162,,,237.66666666666666,249.0,4,0,0,53.0,4.0,2,283.0,214.0,Sports,True,False,False,False,False,,,83.0,,,
51,134,1120,147,2024-04-29,Groceries,2.8,3,A120,Instagram,56.0,3.0,Positive,12.244897959183673,321,0.1476112467780536,21.62162162162162,,,192.33333333333334,228.6,4,0,0,0.0,4.0,2,283.0,214.0,Sports,False,True,False,False,False,,,,,56.0,
52,134,1120,147,2024-04-29,Groceries,2.8,3,A120,Instagram,92.0,3.6,Positive,85.71428571428571,321,0.1476112467780536,21.62162162162162,,,147.0,215.0,4,0,0,0.0,4.0,2,283.0,214.0,Sports,False,True,False,False,False,,,,,92.0,
53,134,1121,247,2024-04-30,Sports,4.6,0,A120,Facebook,83.0,1.4,Positive,67.34693877551021,320,0.1476790511526684,44.14414414414414,,,180.33333333333334,209.0,4,1,0,1.0,4.0,2,283.0,214.0,Sports,True,False,False,False,False,,,83.0,,,
54,134,1121,247,2024-04-30,Sports,4.6,0,A120,Instagram,56.0,3.0,Positive,12.244897959183673,320,0.1476790511526684,44.14414414414414,,,213.66666666666666,203.0,4,1,0,0.0,4.0,2,283.0,214.0,Sports,False,True,False,False,False,,,,,56.0,
55,134,1121,247,2024-04-30,Sports,4.6,0,A120,Instagram,92.0,3.6,Positive,85.71428571428571,320,0.1476790511526684,44.14414414414414,,,247.0,197.0,4,1,0,0.0,4.0,2,283.0,214.0,Sports,False,True,False,False,False,,,,,92.0,
56,134,1141,248,2024-05-20,Books,4.0,0,A120,Facebook,83.0,1.4,Positive,67.34693877551021,300,0.1490955061907636,44.369369369369366,,,247.33333333333334,213.83333333333334,5,0,0,20.0,4.0,2,283.0,214.0,Sports,True,False,False,False,False,,,83.0,,,
57,134,1141,248,2024-05-20,Books,4.0,0,A120,Instagram,56.0,3.0,Positive,12.244897959183673,300,0.1490955061907636,44.369369369369366,,,247.66666666666666,230.66666666666666,5,0,0,0.0,4.0,2,283.0,214.0,Sports,False,True,False,False,False,,,,,56.0,
58,134,1141,248,2024-05-20,Books,4.0,0,A120,Instagram,92.0,3.6,Positive,85.71428571428571,300,0.1490955061907636,44.369369369369366,,,248.0,247.5,5,0,0,0.0,4.0,2,283.0,214.0,Sports,False,True,False,False,False,,,,,92.0,
59,122,1133,301,2024-05-12,Groceries,1.3,0,A123,,,,,,308,0.14851467627684695,56.306306306306304,,,301.0,301.0,5,6,0,,1.0,2,0.0,301.0,Groceries,False,False,False,False,False,,,,,,
60,187,1011,401,2024-01-11,Sports,1.7,4,A124,TikTok,75.0,4.6,Neutral,51.02040816326531,430,0.14152062029740584,78.82882882882883,,,401.0,401.0,1,3,0,,4.5,1,377.0,335.3333333333333,Sports,False,False,False,True,False,,,,,,75.0
61,187,1011,401,2024-01-11,Sports,1.7,4,A124,Facebook,95.0,3.7,Positive,91.83673469387755,430,0.14152062029740584,78.82882882882883,,,401.0,401.0,1,3,0,0.0,4.5,1,377.0,335.3333333333333,Sports,True,False,False,False,False,,,95.0,,,
62,187,1011,401,2024-01-11,Sports,1.7,4,A124,LinkedIn,77.0,3.2,Positive,55.10204081632653,430,0.14152062029740584,78.82882882882883,,,401.0,401.0,1,3,0,0.0,4.5,1,377.0,335.3333333333333,Sports,False,False,True,False,False,77.0,,,,,
63,187,1018,456,2024-01-18,Groceries,4.8,1,A124,TikTok,75.0,4.6,Neutral,51.02040816326531,423,0.1418493346380139,91.21621621621621,,,419.3333333333333,414.75,1,3,0,7.0,4.5,1,377.0,335.3333333333333,Sports,False,False,False,True,False,,,,,,75.0
64,187,1018,456,2024-01-18,Groceries,4.8,1,A124,Facebook,95.0,3.7,Positive,91.83673469387755,423,0.1418493346380139,91.21621621621621,,,437.6666666666667,423.0,1,3,0,0.0,4.5,1,377.0,335.3333333333333,Sports,True,False,False,False,False,,,95.0,,,
65,187,1018,456,2024-01-18,Groceries,4.8,1,A124,LinkedIn,77.0,3.2,Positive,55.10204081632653,423,0.1418493346380139,91.21621621621621,,,456.0,428.5,1,3,0,0.0,4.5,1,377.0,335.3333333333333,Sports,False,False,True,False,False,77.0,,,,,
66,138,1050,274,2024-02-19,Electronics,1.1,0,A124,TikTok,75.0,4.6,Neutral,51.02040816326531,391,0.14344605366738847,50.22522522522522,,,395.3333333333333,407.3333333333333,2,0,0,32.0,4.5,1,377.0,335.3333333333333,Sports,False,False,False,True,False,,,,,,75.0
67,138,1050,274,2024-02-19,Electronics,1.1,0,A124,Facebook,95.0,3.7,Positive,91.83673469387755,391,0.14344605366738847,50.22522522522522,,,334.6666666666667,386.1666666666667,2,0,0,0.0,4.5,1,377.0,335.3333333333333,Sports,True,False,False,False,False,,,95.0,,,
68,138,1050,274,2024-02-19,Electronics,1.1,0,A124,LinkedIn,77.0,3.2,Positive,55.10204081632653,391,0.14344605366738847,50.22522522522522,,,274.0,365.0,2,0,0,0.0,4.5,1,377.0,335.3333333333333,Sports,False,False,True,False,False,77.0,,,,,
69,187,1112,233,2024-04-21,Sports,3.7,0,A124,TikTok,75.0,4.6,Neutral,51.02040816326531,329,0.1470784486726994,40.990990990990994,,,260.3333333333333,327.8333333333333,4,6,0,62.0,4.5,2,377.0,335.3333333333333,Sports,False,False,False,True,False,,,,,,75.0
70,187,1112,233,2024-04-21,Sports,3.7,0,A124,Facebook,95.0,3.7,Positive,91.83673469387755,329,0.1470784486726994,40.990990990990994,,,246.66666666666666,290.6666666666667,4,6,0,0.0,4.5,2,377.0,335.3333333333333,Sports,True,False,False,False,False,,,95.0,,,
71,187,1112,233,2024-04-21,Sports,3.7,0,A124,LinkedIn,77.0,3.2,Positive,55.10204081632653,329,0.1470784486726994,40.990990990990994,,,233.0,253.5,4,6,0,0.0,4.5,2,377.0,335.3333333333333,Sports,False,False,True,False,False,77.0,,,,,
72,187,1115,304,2024-04-24,Sports,4.2,0,A124,TikTok,75.0,4.6,Neutral,51.02040816326531,326,0.14727626890745898,56.98198198198198,,,256.6666666666667,258.5,4,2,0,3.0,4.5,2,377.0,335.3333333333333,Sports,False,False,False,True,False,,,,,,75.0
73,187,1115,304,2024-04-24,Sports,4.2,0,A124,Facebook,95.0,3.7,Positive,91.83673469387755,326,0.14727626890745898,56.98198198198198,,,280.3333333333333,263.5,4,2,0,0.0,4.5,2,377.0,335.3333333333333,Sports,True,False,False,False,False,,,95.0,,,
74,187,1115,304,2024-04-24,Sports,4.2,0,A124,LinkedIn,77.0,3.2,Positive,55.10204081632653,326,0.14727626890745898,56.98198198198198,,,304.0,268.5,4,2,0,0.0,4.5,2,377.0,335.3333333333333,Sports,False,False,True,False,False,77.0,,,,,
75,187,1135,469,2024-05-14,Books,4.9,1,A124,TikTok,75.0,4.6,Neutral,51.02040816326531,306,0.14865803977185044,94.14414414414415,,,359.0,307.8333333333333,5,1,0,20.0,4.5,2,377.0,335.3333333333333,Sports,False,False,False,True,False,,,,,,75.0
76,187,1135,469,2024-05-14,Books,4.9,1,A124,Facebook,95.0,3.7,Positive,91.83673469387755,306,0.14865803977185044,94.14414414414415,,,414.0,347.1666666666667,5,1,0,0.0,4.5,2,377.0,335.3333333333333,Sports,True,False,False,False,False,,,95.0,,,
77,187,1135,469,2024-05-14,Books,4.9,1,A124,LinkedIn,77.0,3.2,Positive,55.10204081632653,306,0.14865803977185044,94.14414414414415,,,469.0,386.5,5,1,0,0.0,4.5,2,377.0,335.3333333333333,Sports,False,False,True,False,False,77.0,,,,,
78,158,1032,115,2024-02-01,Electronics,2.9,2,A126,TikTok,75.0,3.1,Neutral,51.02040816326531,409,0.14252816424126297,14.414414414414415,,,115.0,115.0,2,3,0,,2.0,1,108.0,343.0,Books,False,False,False,True,False,,,,,,75.0
79,158,1032,115,2024-02-01,Electronics,2.9,2,A126,Facebook,98.0,4.3,Negative,97.95918367346938,409,0.14252816424126297,14.414414414414415,,,115.0,115.0,2,3,0,0.0,2.0,1,108.0,343.0,Books,True,False,False,False,False,,,98.0,,,
80,162,1079,101,2024-03-19,Books,4.2,2,A126,TikTok,75.0,3.1,Neutral,51.02040816326531,362,0.14504519449168943,11.26126126126126,,,110.33333333333333,110.33333333333333,3,1,0,47.0,2.0,1,108.0,343.0,Books,False,False,False,True,False,,,,,,75.0
81,162,1079,101,2024-03-19,Books,4.2,2,A126,Facebook,98.0,4.3,Negative,97.95918367346938,362,0.14504519449168943,11.26126126126126,,,105.66666666666667,108.0,3,1,0,0.0,2.0,1,108.0,343.0,Books,True,False,False,False,False,,,98.0,,,
82,162,1116,343,2024-04-25,Books,1.4,4,A126,TikTok,75.0,3.1,Neutral,51.02040816326531,325,0.14734273170911352,65.76576576576576,,,181.66666666666666,155.0,4,3,0,37.0,2.0,2,108.0,343.0,Books,False,False,False,True,False,,,,,,75.0
83,162,1116,343,2024-04-25,Books,1.4,4,A126,Facebook,98.0,4.3,Negative,97.95918367346938,325,0.14734273170911352,65.76576576576576,,,262.3333333333333,186.33333333333334,4,3,0,0.0,2.0,2,108.0,343.0,Books,True,False,False,False,False,,,98.0,,,
84,135,1070,364,2024-03-10,Electronics,2.985,4,A129,Twitter,54.0,4.5,Neutral,8.16326530612245,371,0.1445317735843562,70.49549549549549,,,364.0,364.0,3,6,0,,1.0,1,364.0,0.0,Electronics,False,False,False,False,True,,54.0,,,,
85,180,1069,201,2024-03-09,Electronics,2.3,3,A131,LinkedIn,87.0,3.0,Positive,75.51020408163265,372,0.14447571628487885,33.78378378378378,,,201.0,201.0,3,5,0,,1.5,1,312.0,374.0,Electronics,False,False,True,False,False,87.0,,,,,
86,149,1071,423,2024-03-11,Sports,1.1,1,A131,LinkedIn,87.0,3.0,Positive,75.51020408163265,370,0.14458802547232058,83.78378378378379,,,312.0,312.0,3,0,0,2.0,1.5,1,312.0,374.0,Electronics,False,False,True,False,False,87.0,,,,,
87,180,1118,374,2024-04-27,Electronics,1.2,4,A131,LinkedIn,87.0,3.0,Positive,75.51020408163265,323,0.14747645264431597,72.74774774774775,,,332.6666666666667,332.6666666666667,4,5,0,47.0,1.5,2,312.0,374.0,Electronics,False,False,True,False,False,87.0,,,,,
88,128,1105,209,2024-04-14,Books,4.8,3,A132,LinkedIn,63.0,3.3,Positive,26.53061224489796,336,0.14662578303110674,35.585585585585584,,,209.0,209.0,4,6,0,,1.5,2,0.0,356.6666666666667,Books,False,False,True,False,False,63.0,,,,,
89,198,1137,395,2024-05-16,Books,2.5,4,A132,LinkedIn,63.0,3.3,Positive,26.53061224489796,304,0.14880262006308673,77.47747747747748,,,302.0,302.0,5,3,0,32.0,1.5,2,0.0,356.6666666666667,Books,False,False,True,False,False,63.0,,,,,
90,198,1143,466,2024-05-22,Books,2.985,1,A132,LinkedIn,63.0,3.3,Positive,26.53061224489796,298,0.14924385065658585,93.46846846846847,,,356.6666666666667,356.6666666666667,5,2,0,6.0,1.5,2,0.0,356.6666666666667,Books,False,False,True,False,False,63.0,,,,,
91,190,1031,333,2024-01-31,Groceries,3.8,4,A133,Twitter,72.0,1.9,Positive,44.89795918367347,410,0.1424786947239791,63.513513513513516,,,333.0,333.0,1,2,0,,3.0,1,333.0,401.0,Groceries,False,False,False,False,True,,72.0,,,,
92,190,1031,333,2024-01-31,Groceries,3.8,4,A133,Twitter,71.0,4.8,Negative,42.857142857142854,410,0.1424786947239791,63.513513513513516,,,333.0,333.0,1,2,0,0.0,3.0,1,333.0,401.0,Groceries,False,False,False,False,True,,71.0,,,,
93,190,1031,333,2024-01-31,Groceries,3.8,4,A133,Instagram,52.0,2.7,Positive,4.081632653061225,410,0.1424786947239791,63.513513513513516,,,333.0,333.0,1,2,0,0.0,3.0,1,333.0,401.0,Groceries,False,True,False,False,False,,,,,52.0,
94,190,1140,401,2024-05-19,Sports,4.9,4,A133,Twitter,72.0,1.9,Positive,44.89795918367347,301,0.14902181298012263,78.82882882882883,,,355.6666666666667,350.0,5,6,0,109.0,3.0,2,333.0,401.0,Groceries,False,False,False,False,True,,72.0,,,,
95,190,1140,401,2024-05-19,Sports,4.9,4,A133,Twitter,71.0,4.8,Negative,42.857142857142854,301,0.14902181298012263,78.82882882882883,,,378.3333333333333,360.2,5,6,0,0.0,3.0,2,333.0,401.0,Groceries,False,False,False,False,True,,71.0,,,,
96,190,1140,401,2024-05-19,Sports,4.9,4,A133,Instagram,52.0,2.7,Positive,4.081632653061225,301,0.14902181298012263,78.82882882882883,,,401.0,367.0,5,6,0,0.0,3.0,2,333.0,401.0,Groceries,False,True,False,False,False,,,,,52.0,
97,132,1025,62,2024-01-25,Electronics,4.0,2,A134,,,,,,416,0.14218509036623714,2.4774774774774775,,,62.0,62.0,1,3,0,,1.5,1,62.0,376.0,Clothing,False,False,False,False,False,,,,,,
98,132,1122,444,2024-05-01,Clothing,2.4,1,A134,,,,,,319,0.14774712969752146,88.51351351351352,,,253.0,253.0,5,2,0,97.0,1.5,2,62.0,376.0,Clothing,False,False,False,False,False,,,,,,
99,132,1131,308,2024-05-10,Sports,4.3,0,A134,,,,,,310,0.14837251129673976,57.88288288288288,,,271.3333333333333,271.3333333333333,5,4,0,9.0,1.5,2,62.0,376.0,Clothing,False,False,False,False,False,,,,,,
100,110,1117,329,2024-04-26,Sports,3.0,4,A137,LinkedIn,93.0,3.5,Neutral,87.75510204081633,324,0.1474094589885311,62.612612612612615,,,329.0,329.0,4,4,0,,2.0,2,0.0,352.0,Clothing,False,False,True,False,False,93.0,,,,,
101,110,1117,329,2024-04-26,Sports,3.0,4,A137,TikTok,99.0,3.1,Positive,100.0,324,0.1474094589885311,62.612612612612615,,,329.0,329.0,4,4,0,0.0,2.0,2,0.0,352.0,Clothing,False,False,False,True,False,,,,,,99.0
102,111,1129,375,2024-05-08,Clothing,3.8,4,A137,LinkedIn,93.0,3.5,Neutral,87.75510204081633,312,0.1482315269427769,72.97297297297297,,,344.3333333333333,344.3333333333333,5,2,0,12.0,2.0,2,0.0,352.0,Clothing,False,False,True,False,False,93.0,,,,,
103,111,1129,375,2024-05-08,Clothing,3.8,4,A137,TikTok,99.0,3.1,Positive,100.0,312,0.1482315269427769,72.97297297297297,,,359.6666666666667,352.0,5,2,0,0.0,2.0,2,0.0,352.0,Clothing,False,False,False,True,False,,,,,,99.0
104,150,1042,389,2024-02-11,Sports,2.985,4,A143,Instagram,68.0,1.2,Negative,36.734693877551024,399,0.1430315484348197,76.12612612612612,,,389.0,389.0,2,6,0,,2.0,1,283.0,0.0,Books,False,True,False,False,False,,,,,68.0,
105,150,1046,177,2024-02-15,Books,3.6,3,A143,Instagram,68.0,1.2,Negative,36.734693877551024,395,0.1432374544383768,28.37837837837838,,,283.0,283.0,2,3,0,4.0,2.0,1,283.0,0.0,Books,False,True,False,False,False,,,,,68.0,
106,127,1125,146,2024-05-04,Electronics,4.0,3,A144,Twitter,70.0,1.3,Positive,40.816326530612244,316,0.14795303045606248,21.396396396396398,,,146.0,146.0,5,5,0,,1.0,2,0.0,146.0,Electronics,False,False,False,False,True,,70.0,,,,
107,140,1104,267,2024-04-13,Groceries,2.3,0,A145,Twitter,92.0,2.4,Neutral,85.71428571428571,337,0.1465621095502257,48.648648648648646,,,267.0,267.0,4,5,0,,1.0,2,0.0,230.0,Groceries,False,False,False,False,True,,92.0,,,,
108,140,1124,193,2024-05-03,Groceries,1.6,3,A145,Twitter,92.0,2.4,Neutral,85.71428571428571,317,0.1478841173177918,31.98198198198198,,,230.0,230.0,5,4,0,20.0,1.0,2,0.0,230.0,Groceries,False,False,False,False,True,,92.0,,,,
109,174,1009,228,2024-01-09,Electronics,3.8,0,A148,Facebook,75.0,1.7,Neutral,51.02040816326531,432,0.1414279582227559,39.86486486486486,,,228.0,228.0,1,1,0,,2.0,1,170.0,0.0,Electronics,True,False,False,False,False,,,75.0,,,
110,174,1010,112,2024-01-10,Sports,2.6,2,A148,Facebook,75.0,1.7,Neutral,51.02040816326531,431,0.1414742204633455,13.73873873873874,,,170.0,170.0,1,2,0,1.0,2.0,1,170.0,0.0,Electronics,True,False,False,False,False,,,75.0,,,
111,137,1020,286,2024-01-20,Electronics,3.2,0,A149,Facebook,51.0,1.3,Positive,2.0408163265306123,421,0.14194453452116845,52.927927927927925,,,286.0,286.0,1,5,0,,1.0,1,286.0,0.0,Electronics,True,False,False,False,False,,,51.0,,,
112,152,1016,437,2024-01-16,Books,3.6,1,A152,Facebook,95.0,4.1,Positive,91.83673469387755,425,0.14175470946941152,86.93693693693693,,,437.0,437.0,1,1,0,,2.0,1,372.5,452.0,Clothing,True,False,False,False,False,,,95.0,,,
113,152,1016,437,2024-01-16,Books,3.6,1,A152,Instagram,81.0,4.2,Positive,63.265306122448976,425,0.14175470946941152,86.93693693693693,,,437.0,437.0,1,1,0,0.0,2.0,1,372.5,452.0,Clothing,False,True,False,False,False,,,,,81.0,
114,152,1058,308,2024-02-27,Clothing,4.8,0,A152,Facebook,95.0,4.1,Positive,91.83673469387755,383,0.14387159063843669,57.88288288288288,,,394.0,394.0,2,1,0,42.0,2.0,1,372.5,452.0,Clothing,True,False,False,False,False,,,95.0,,,
115,152,1058,308,2024-02-27,Clothing,4.8,0,A152,Instagram,81.0,4.2,Positive,63.265306122448976,383,0.14387159063843669,57.88288288288288,,,351.0,372.5,2,1,0,0.0,2.0,1,372.5,452.0,Clothing,False,True,False,False,False,,,,,81.0,
116,152,1099,452,2024-04-08,Clothing,4.6,1,A152,Facebook,95.0,4.1,Positive,91.83673469387755,342,0.14624735615520992,90.31531531531532,,,356.0,388.4,4,0,0,41.0,2.0,2,372.5,452.0,Clothing,True,False,False,False,False,,,95.0,,,
117,152,1099,452,2024-04-08,Clothing,4.6,1,A152,Instagram,81.0,4.2,Positive,63.265306122448976,342,0.14624735615520992,90.31531531531532,,,404.0,399.0,4,0,0,0.0,2.0,2,372.5,452.0,Clothing,False,True,False,False,False,,,,,81.0,
118,192,1002,332,2024-01-02,Electronics,4.2,4,A156,Instagram,52.0,4.9,Positive,4.081632653061225,439,0.14110791418308538,63.288288288288285,,,332.0,332.0,1,1,0,,1.0,1,411.5,0.0,Books,False,True,False,False,False,,,,,52.0,
119,192,1078,491,2024-03-18,Books,3.9,1,A156,Instagram,52.0,4.9,Positive,4.081632653061225,363,0.1449873410382017,99.09909909909909,,,411.5,411.5,3,0,0,76.0,1.0,1,411.5,0.0,Books,False,True,False,False,False,,,,,52.0,
120,139,1095,392,2024-04-04,Clothing,4.6,4,A157,,,,,,346,0.14599979299094626,76.8018018018018,,,392.0,392.0,4,3,0,,1.0,2,0.0,392.0,Clothing,False,False,False,False,False,,,,,,
121,120,1006,395,2024-01-06,Groceries,1.1,4,A159,,,,,,435,0.14128998974760484,77.47747747747748,,,395.0,395.0,1,5,0,,1.25,1,249.0,197.0,Groceries,False,False,False,False,False,,,,,,
122,120,1024,85,2024-01-24,Sports,2.4,2,A159,,,,,,417,0.1421366838347464,7.657657657657658,,,240.0,240.0,1,2,0,18.0,1.25,1,249.0,197.0,Groceries,False,False,False,False,False,,,,,,
123,120,1048,280,2024-02-17,Groceries,1.3,0,A159,,,,,,393,0.14334141344111878,51.57657657657658,,,253.33333333333334,253.33333333333334,2,5,0,24.0,1.25,1,249.0,197.0,Groceries,False,False,False,False,False,,,,,,
124,147,1089,236,2024-03-29,Groceries,2.985,0,A159,,,,,,352,0.14563528027925032,41.666666666666664,,,200.33333333333334,249.0,3,4,0,41.0,1.25,1,249.0,197.0,Groceries,False,False,False,False,False,,,,,,
125,147,1132,197,2024-05-11,Clothing,3.8,3,A159,,,,,,309,0.1484434450995497,32.88288288288288,,,237.66666666666666,238.6,5,5,0,43.0,1.25,2,249.0,197.0,Groceries,False,False,False,False,False,,,,,,
126,186,1008,429,2024-01-08,Clothing,4.3,1,A160,TikTok,56.0,2.6,Positive,12.244897959183673,433,0.14138183284140546,85.13513513513513,,,429.0,429.0,1,0,0,,3.0,1,429.0,269.0,Clothing,False,False,False,True,False,,,,,,56.0
127,186,1008,429,2024-01-08,Clothing,4.3,1,A160,LinkedIn,73.0,2.0,Neutral,46.93877551020408,433,0.14138183284140546,85.13513513513513,,,429.0,429.0,1,0,0,0.0,3.0,1,429.0,269.0,Clothing,False,False,True,False,False,73.0,,,,,
128,186,1008,429,2024-01-08,Clothing,4.3,1,A160,Instagram,89.0,2.9,Neutral,79.59183673469387,433,0.14138183284140546,85.13513513513513,,,429.0,429.0,1,0,0,0.0,3.0,1,429.0,269.0,Clothing,False,True,False,False,False,,,,,89.0,
129,186,1093,269,2024-04-02,Clothing,4.0,0,A160,TikTok,56.0,2.6,Positive,12.244897959183673,348,0.14587738996015023,49.0990990990991,,,375.6666666666667,389.0,4,1,0,85.0,3.0,2,429.0,269.0,Clothing,False,False,False,True,False,,,,,,56.0
130,186,1093,269,2024-04-02,Clothing,4.0,0,A160,LinkedIn,73.0,2.0,Neutral,46.93877551020408,348,0.14587738996015023,49.0990990990991,,,322.3333333333333,365.0,4,1,0,0.0,3.0,2,429.0,269.0,Clothing,False,False,True,False,False,73.0,,,,,
131,186,1093,269,2024-04-02,Clothing,4.0,0,A160,Instagram,89.0,2.9,Neutral,79.59183673469387,348,0.14587738996015023,49.0990990990991,,,269.0,349.0,4,1,0,0.0,3.0,2,429.0,269.0,Clothing,False,True,False,False,False,,,,,89.0,
132,105,1074,282,2024-03-14,Books,1.5,0,A163,TikTok,53.0,4.0,Neutral,6.122448979591836,367,0.14475796092064028,52.027027027027025,,,282.0,282.0,3,3,0,,2.0,1,282.0,0.0,Books,False,False,False,True,False,,,,,,53.0
133,105,1074,282,2024-03-14,Books,1.5,0,A163,TikTok,96.0,3.2,Neutral,93.87755102040816,367,0.14475796092064028,52.027027027027025,,,282.0,282.0,3,3,0,0.0,2.0,1,282.0,0.0,Books,False,False,False,True,False,,,,,,96.0
134,125,1101,179,2024-04-10,Electronics,2.985,3,A166,Instagram,90.0,3.8,Neutral,81.63265306122449,340,0.14637254129078908,28.82882882882883,,,179.0,179.0,4,2,0,,3.0,2,0.0,179.0,Electronics,False,True,False,False,False,,,,,90.0,
135,125,1101,179,2024-04-10,Electronics,2.985,3,A166,Instagram,74.0,4.3,Neutral,48.97959183673469,340,0.14637254129078908,28.82882882882883,,,179.0,179.0,4,2,0,0.0,3.0,2,0.0,179.0,Electronics,False,True,False,False,False,,,,,74.0,
136,125,1101,179,2024-04-10,Electronics,2.985,3,A166,TikTok,56.0,1.5,Neutral,12.244897959183673,340,0.14637254129078908,28.82882882882883,,,179.0,179.0,4,2,0,0.0,3.0,2,0.0,179.0,Electronics,False,False,False,True,False,,,,,,56.0
137,157,1027,376,2024-01-27,Groceries,1.5,4,A168,LinkedIn,60.0,4.4,Positive,20.408163265306122,414,0.1422823522319909,73.1981981981982,,,376.0,376.0,1,5,0,,1.0,1,376.0,0.0,Groceries,False,False,True,False,False,60.0,,,,,
138,159,1023,78,2024-01-23,Groceries,2.0,2,A170,,,,,,418,0.14208842580066294,6.081081081081081,,,78.0,78.0,1,1,0,,1.25,1,217.5,221.0,Books,False,False,False,False,False,,,,,,
139,159,1035,111,2024-02-04,Books,2.9,2,A170,,,,,,406,0.14267750809466778,13.513513513513514,,,94.5,94.5,2,6,0,12.0,1.25,1,217.5,221.0,Books,False,False,False,False,False,,,,,,
140,159,1054,495,2024-02-23,Books,2.6,1,A170,,,,,,387,0.14365741027489565,100.0,,,228.0,228.0,2,4,0,19.0,1.25,1,217.5,221.0,Books,False,False,False,False,False,,,,,,
141,159,1062,186,2024-03-02,Electronics,1.8,3,A170,,,,,,379,0.14408866346172894,30.405405405405407,,,264.0,217.5,3,5,0,8.0,1.25,1,217.5,221.0,Books,False,False,False,False,False,,,,,,
142,159,1103,221,2024-04-12,Electronics,1.4,3,A170,,,,,,338,0.14649867920728185,38.288288288288285,,,300.6666666666667,218.2,4,4,0,41.0,1.25,2,217.5,221.0,Books,False,False,False,False,False,,,,,,
143,114,1003,442,2024-01-03,Electronics,2.1,1,A171,,,,,,438,0.14115323351631553,88.06306306306307,,,442.0,442.0,1,2,0,,1.0,1,262.3333333333333,247.0,Clothing,False,False,False,False,False,,,,,,
144,114,1037,183,2024-02-06,Clothing,2.7,3,A171,,,,,,404,0.14277785898297218,29.72972972972973,,,312.5,312.5,2,1,0,34.0,1.0,1,262.3333333333333,247.0,Clothing,False,False,False,False,False,,,,,,
145,114,1090,162,2024-03-30,Clothing,4.4,3,A171,,,,,,351,0.1456954743657041,25.0,,,262.3333333333333,262.3333333333333,3,5,0,53.0,1.0,1,262.3333333333333,247.0,Clothing,False,False,False,False,False,,,,,,
146,114,1106,247,2024-04-15,Clothing,4.8,0,A171,,,,,,335,0.1466897013316998,44.14414414414414,,,197.33333333333334,258.5,4,0,0,16.0,1.0,2,262.3333333333333,247.0,Clothing,False,False,False,False,False,,,,,,
147,189,1057,282,2024-02-26,Groceries,3.2,0,A173,TikTok,63.0,4.3,Negative,26.53061224489796,384,0.1438177771039318,52.027027027027025,,,282.0,282.0,2,0,0,,2.0,1,313.0,178.0,Books,False,False,False,True,False,,,,,,63.0
148,189,1057,282,2024-02-26,Groceries,3.2,0,A173,Facebook,78.0,3.9,Negative,57.142857142857146,384,0.1438177771039318,52.027027027027025,,,282.0,282.0,2,0,0,0.0,2.0,1,313.0,178.0,Books,True,False,False,False,False,,,78.0,,,
149,189,1081,344,2024-03-21,Books,2.985,4,A173,TikTok,63.0,4.3,Negative,26.53061224489796,360,0.14516152064943846,65.990990990991,,,302.6666666666667,302.6666666666667,3,3,0,24.0,2.0,1,313.0,178.0,Books,False,False,False,True,False,,,,,,63.0
150,189,1081,344,2024-03-21,Books,2.985,4,A173,Facebook,78.0,3.9,Negative,57.142857142857146,360,0.14516152064943846,65.990990990991,,,323.3333333333333,313.0,3,3,0,0.0,2.0,1,313.0,178.0,Books,True,False,False,False,False,,,78.0,,,
151,189,1149,178,2024-05-28,Sports,3.0,3,A173,TikTok,63.0,4.3,Negative,26.53061224489796,292,0.14969673068779307,28.603603603603602,,,288.6666666666667,286.0,5,1,0,68.0,2.0,2,313.0,178.0,Books,False,False,False,True,False,,,,,,63.0
152,189,1149,178,2024-05-28,Sports,3.0,3,A173,Facebook,78.0,3.9,Negative,57.142857142857146,292,0.14969673068779307,28.603603603603602,,,233.33333333333334,268.0,5,1,0,0.0,2.0,2,313.0,178.0,Books,True,False,False,False,False,,,78.0,,,
153,151,1001,408,2024-01-01,Sports,2.3,4,A176,Facebook,70.0,3.3,Negative,40.816326530612244,440,0.14106272672409437,80.4054054054054,,,408.0,408.0,1,0,0,,2.0,1,308.5,0.0,Sports,True,False,False,False,False,,,70.0,,,
154,175,1026,209,2024-01-26,Sports,1.1,3,A176,Facebook,70.0,3.3,Negative,40.816326530612244,415,0.1422336462211138,35.585585585585584,,,308.5,308.5,1,4,0,25.0,2.0,1,308.5,0.0,Sports,True,False,False,False,False,,,70.0,,,
155,181,1098,434,2024-04-07,Clothing,2.985,1,A177,LinkedIn,77.0,1.4,Positive,55.10204081632653,343,0.14618511684823002,86.26126126126127,,,434.0,434.0,4,6,0,,2.0,2,0.0,434.0,Clothing,False,False,True,False,False,77.0,,,,,
156,181,1098,434,2024-04-07,Clothing,2.985,1,A177,Twitter,65.0,1.3,Positive,30.612244897959183,343,0.14618511684823002,86.26126126126127,,,434.0,434.0,4,6,0,0.0,2.0,2,0.0,434.0,Clothing,False,False,False,False,True,,65.0,,,,
157,199,1012,280,2024-01-12,Electronics,1.6,0,A178,LinkedIn,74.0,4.9,Positive,48.97959183673469,429,0.1415671584648582,51.57657657657658,,,280.0,280.0,1,4,0,,3.0,1,221.0,0.0,Books,False,False,True,False,False,74.0,,,,,
158,199,1012,280,2024-01-12,Electronics,1.6,0,A178,LinkedIn,53.0,1.5,Neutral,6.122448979591836,429,0.1415671584648582,51.57657657657658,,,280.0,280.0,1,4,0,0.0,3.0,1,221.0,0.0,Books,False,False,True,False,False,53.0,,,,,
159,199,1012,280,2024-01-12,Electronics,1.6,0,A178,TikTok,68.0,3.5,Negative,36.734693877551024,429,0.1415671584648582,51.57657657657658,,,280.0,280.0,1,4,0,0.0,3.0,1,221.0,0.0,Books,False,False,False,True,False,,,,,,68.0
160,199,1086,162,2024-03-26,Books,2.5,3,A178,LinkedIn,74.0,4.9,Positive,48.97959183673469,355,0.14545601099839256,25.0,,,240.66666666666666,250.5,3,1,0,74.0,3.0,1,221.0,0.0,Books,False,False,True,False,False,74.0,,,,,
161,199,1086,162,2024-03-26,Books,2.5,3,A178,LinkedIn,53.0,1.5,Neutral,6.122448979591836,355,0.14545601099839256,25.0,,,201.33333333333334,232.8,3,1,0,0.0,3.0,1,221.0,0.0,Books,False,False,True,False,False,53.0,,,,,
162,199,1086,162,2024-03-26,Books,2.5,3,A178,TikTok,68.0,3.5,Negative,36.734693877551024,355,0.14545601099839256,25.0,,,162.0,221.0,3,1,0,0.0,3.0,1,221.0,0.0,Books,False,False,False,True,False,,,,,,68.0
163,163,1022,220,2024-01-22,Groceries,2.7,3,A180,Facebook,57.0,3.8,Negative,14.285714285714286,419,0.14204031544457513,38.06306306306306,,,220.0,220.0,1,0,0,,2.0,1,357.5,0.0,Groceries,True,False,False,False,False,,,57.0,,,
164,163,1022,220,2024-01-22,Groceries,2.7,3,A180,LinkedIn,98.0,2.1,Negative,97.95918367346938,419,0.14204031544457513,38.06306306306306,,,220.0,220.0,1,0,0,0.0,2.0,1,357.5,0.0,Groceries,False,False,True,False,False,98.0,,,,,
165,163,1044,495,2024-02-13,Sports,3.0,1,A180,Facebook,57.0,3.8,Negative,14.285714285714286,397,0.14313416870875467,100.0,,,311.6666666666667,311.6666666666667,2,1,0,22.0,2.0,1,357.5,0.0,Groceries,True,False,False,False,False,,,57.0,,,
166,163,1044,495,2024-02-13,Sports,3.0,1,A180,LinkedIn,98.0,2.1,Negative,97.95918367346938,397,0.14313416870875467,100.0,,,403.3333333333333,357.5,2,1,0,0.0,2.0,1,357.5,0.0,Groceries,False,False,True,False,False,98.0,,,,,
167,170,1063,367,2024-03-03,Books,1.3,4,A181,Twitter,66.0,2.1,Positive,32.6530612244898,378,0.1441433918957283,71.17117117117117,,,367.0,367.0,3,6,0,,1.0,1,367.0,488.0,Books,False,False,False,False,True,,66.0,,,,
168,170,1110,488,2024-04-19,Electronics,2.985,1,A181,Twitter,66.0,2.1,Positive,32.6530612244898,331,0.1469478569591427,98.42342342342343,,,427.5,427.5,4,4,0,47.0,1.0,2,367.0,488.0,Books,False,False,False,False,True,,66.0,,,,
169,183,1060,247,2024-02-29,Electronics,4.8,0,A183,TikTok,90.0,4.1,Positive,81.63265306122449,381,0.14397976110486777,44.14414414414414,,,247.0,247.0,2,3,0,,2.0,1,234.0,178.0,Groceries,False,False,False,True,False,,,,,,90.0
170,183,1060,247,2024-02-29,Electronics,4.8,0,A183,TikTok,72.0,5.0,Positive,44.89795918367347,381,0.14397976110486777,44.14414414414414,,,247.0,247.0,2,3,0,0.0,2.0,1,234.0,178.0,Groceries,False,False,False,True,False,,,,,,72.0
171,177,1068,221,2024-03-08,Groceries,1.3,3,A183,TikTok,90.0,4.1,Positive,81.63265306122449,373,0.14441985236498525,38.288288288288285,,,238.33333333333334,238.33333333333334,3,4,0,8.0,2.0,1,234.0,178.0,Groceries,False,False,False,True,False,,,,,,90.0
172,177,1068,221,2024-03-08,Groceries,1.3,3,A183,TikTok,72.0,5.0,Positive,44.89795918367347,373,0.14441985236498525,38.288288288288285,,,229.66666666666666,234.0,3,4,0,0.0,2.0,1,234.0,178.0,Groceries,False,False,False,True,False,,,,,,72.0
173,177,1092,179,2024-04-01,Clothing,4.0,3,A183,TikTok,90.0,4.1,Positive,81.63265306122449,349,0.14581652773127973,28.82882882882883,,,207.0,223.0,4,0,0,24.0,2.0,2,234.0,178.0,Groceries,False,False,False,True,False,,,,,,90.0
174,177,1092,179,2024-04-01,Clothing,4.0,3,A183,TikTok,72.0,5.0,Positive,44.89795918367347,349,0.14581652773127973,28.82882882882883,,,193.0,215.66666666666666,4,0,0,0.0,2.0,2,234.0,178.0,Groceries,False,False,False,True,False,,,,,,72.0
175,177,1145,177,2024-05-24,Groceries,3.2,3,A183,TikTok,90.0,4.1,Positive,81.63265306122449,296,0.14939348920210435,28.37837837837838,,,178.33333333333334,204.0,5,4,0,53.0,2.0,2,234.0,178.0,Groceries,False,False,False,True,False,,,,,,90.0
176,177,1145,177,2024-05-24,Groceries,3.2,3,A183,TikTok,72.0,5.0,Positive,44.89795918367347,296,0.14939348920210435,28.37837837837838,,,177.66666666666666,192.33333333333334,5,4,0,0.0,2.0,2,234.0,178.0,Groceries,False,False,False,True,False,,,,,,72.0
177,121,1015,145,2024-01-15,Sports,3.9,3,A185,TikTok,90.0,3.4,Neutral,81.63265306122449,426,0.14170761045334576,21.17117117117117,,,145.0,145.0,1,0,0,,8.0,1,190.5,0.0,Electronics,False,False,False,True,False,,,,,,90.0
178,121,1015,145,2024-01-15,Sports,3.9,3,A185,Facebook,78.0,2.4,Positive,57.142857142857146,426,0.14170761045334576,21.17117117117117,,,145.0,145.0,1,0,0,0.0,8.0,1,190.5,0.0,Electronics,True,False,False,False,False,,,78.0,,,
179,121,1015,145,2024-01-15,Sports,3.9,3,A185,TikTok,59.0,3.6,Positive,18.367346938775512,426,0.14170761045334576,21.17117117117117,,,145.0,145.0,1,0,0,0.0,8.0,1,190.5,0.0,Electronics,False,False,False,True,False,,,,,,59.0
180,121,1015,145,2024-01-15,Sports,3.9,3,A185,TikTok,50.0,1.5,Negative,0.0,426,0.14170761045334576,21.17117117117117,,,145.0,145.0,1,0,0,0.0,8.0,1,190.5,0.0,Electronics,False,False,False,True,False,,,,,,50.0
181,121,1028,236,2024-01-28,Electronics,1.2,0,A185,TikTok,90.0,3.4,Neutral,81.63265306122449,413,0.14233120923818854,41.666666666666664,,,175.33333333333334,163.2,1,6,0,13.0,8.0,1,190.5,0.0,Electronics,False,False,False,True,False,,,,,,90.0
182,121,1028,236,2024-01-28,Electronics,1.2,0,A185,Facebook,78.0,2.4,Positive,57.142857142857146,413,0.14233120923818854,41.666666666666664,,,205.66666666666666,175.33333333333334,1,6,0,0.0,8.0,1,190.5,0.0,Electronics,True,False,False,False,False,,,78.0,,,
183,121,1028,236,2024-01-28,Electronics,1.2,0,A185,TikTok,59.0,3.6,Positive,18.367346938775512,413,0.14233120923818854,41.666666666666664,,,236.0,190.5,1,6,0,0.0,8.0,1,190.5,0.0,Electronics,False,False,False,True,False,,,,,,59.0
184,121,1028,236,2024-01-28,Electronics,1.2,0,A185,TikTok,50.0,1.5,Negative,0.0,413,0.14233120923818854,41.666666666666664,,,236.0,205.66666666666666,1,6,0,0.0,8.0,1,190.5,0.0,Electronics,False,False,False,True,False,,,,,,50.0
185,188,1029,292,2024-01-29,Sports,1.2,0,A192,Instagram,60.0,4.3,Positive,20.408163265306122,412,0.142380218085803,54.27927927927928,,,292.0,292.0,1,0,0,,1.5,1,312.0,293.25,Clothing,False,True,False,False,False,,,,,60.0,
186,188,1053,332,2024-02-22,Groceries,3.3,4,A192,Instagram,60.0,4.3,Positive,20.408163265306122,388,0.14360430902771557,63.288288288288285,,,312.0,312.0,2,3,0,24.0,1.5,1,312.0,293.25,Clothing,False,True,False,False,False,,,,,60.0,
187,188,1102,102,2024-04-11,Electronics,4.6,2,A192,Instagram,60.0,4.3,Positive,20.408163265306122,339,0.14643549033707937,11.486486486486486,,,242.0,242.0,4,3,0,49.0,1.5,2,312.0,293.25,Clothing,False,True,False,False,False,,,,,60.0,
188,188,1109,373,2024-04-18,Clothing,2.8,4,A192,Instagram,60.0,4.3,Positive,20.408163265306122,332,0.14688294222274312,72.52252252252252,,,269.0,274.75,4,3,0,7.0,1.5,2,312.0,293.25,Clothing,False,True,False,False,False,,,,,60.0,
189,104,1123,289,2024-05-02,Clothing,1.5,0,A192,Instagram,60.0,4.3,Positive,20.408163265306122,318,0.14781548441231127,53.6036036036036,,,254.66666666666666,277.6,5,3,0,14.0,1.5,2,312.0,293.25,Clothing,False,True,False,False,False,,,,,60.0,
190,104,1148,409,2024-05-27,Clothing,1.4,4,A192,Instagram,60.0,4.3,Positive,20.408163265306122,293,0.1496204182206069,80.63063063063063,,,357.0,299.5,5,0,0,25.0,1.5,2,312.0,293.25,Clothing,False,True,False,False,False,,,,,60.0,
191,182,1007,91,2024-01-07,Sports,4.9,2,A193,TikTok,69.0,2.6,Negative,38.775510204081634,434,0.14133584359069573,9.00900900900901,,,91.0,91.0,1,6,0,,1.0,1,91.0,0.0,Sports,False,False,False,True,False,,,,,,69.0
192,103,1052,426,2024-02-21,Groceries,4.8,1,A194,LinkedIn,89.0,4.0,Negative,79.59183673469387,389,0.14355138320353486,84.45945945945945,,,426.0,426.0,2,2,0,,2.0,1,239.75,0.0,Sports,False,False,True,False,False,89.0,,,,,
193,103,1072,209,2024-03-12,Sports,4.3,3,A194,LinkedIn,89.0,4.0,Negative,79.59183673469387,369,0.14464447316858842,35.585585585585584,,,317.5,317.5,3,1,0,20.0,2.0,1,239.75,0.0,Sports,False,False,True,False,False,89.0,,,,,
194,103,1076,162,2024-03-16,Sports,3.5,3,A194,LinkedIn,89.0,4.0,Negative,79.59183673469387,365,0.1448722468222481,25.0,,,265.6666666666667,265.6666666666667,3,5,0,4.0,2.0,1,239.75,0.0,Sports,False,False,True,False,False,89.0,,,,,
195,173,1084,162,2024-03-24,Electronics,5.0,3,A194,LinkedIn,89.0,4.0,Negative,79.59183673469387,357,0.14533757805921274,25.0,,,177.66666666666666,239.75,3,6,0,8.0,2.0,1,239.75,0.0,Sports,False,False,True,False,False,89.0,,,,,
196,146,1040,157,2024-02-09,Books,3.5,3,A196,Instagram,85.0,3.9,Negative,71.42857142857143,401,0.14292958592922814,23.873873873873872,,,157.0,157.0,2,4,0,,2.0,1,293.0,394.5,Books,False,True,False,False,False,,,,,85.0,
197,113,1055,170,2024-02-24,Groceries,3.6,3,A196,Instagram,85.0,3.9,Negative,71.42857142857143,386,0.1437106879954733,26.8018018018018,,,163.5,163.5,2,5,0,15.0,2.0,1,293.0,394.5,Books,False,True,False,False,False,,,,,85.0,
198,146,1066,356,2024-03-06,Groceries,1.4,4,A196,Instagram,85.0,3.9,Negative,71.42857142857143,375,0.14430869988214173,68.69369369369369,,,227.66666666666666,227.66666666666666,3,2,0,11.0,2.0,1,293.0,394.5,Books,False,True,False,False,False,,,,,85.0,
199,113,1087,489,2024-03-27,Books,4.1,1,A196,Instagram,85.0,3.9,Negative,71.42857142857143,354,0.14551555002905955,98.64864864864865,,,338.3333333333333,293.0,3,2,0,21.0,2.0,1,293.0,394.5,Books,False,True,False,False,False,,,,,85.0,
200,146,1144,473,2024-05-23,Sports,4.1,1,A196,Instagram,85.0,3.9,Negative,71.42857142857143,297,0.1493185069037774,95.04504504504504,,,439.3333333333333,329.0,5,3,0,57.0,2.0,2,293.0,394.5,Books,False,True,False,False,False,,,,,85.0,
201,113,1150,316,2024-05-29,Clothing,1.0,0,A196,Instagram,85.0,3.9,Negative,71.42857142857143,291,0.14977338233742749,59.68468468468468,,,426.0,326.8333333333333,5,2,0,6.0,2.0,2,293.0,394.5,Books,False,True,False,False,False,,,,,85.0,
202,171,1004,256,2024-01-04,Clothing,2.8,0,,,,,,,437,0.14119868541974315,46.171171171171174,,,,,1,3,0,,,1,,,,False,False,False,False,False,,,,,,
203,160,1005,64,2024-01-05,Clothing,1.3,2,,,,,,,436,0.14124427059463213,2.9279279279279278,,,,,1,4,0,,,1,,,,False,False,False,False,False,,,,,,
204,123,1013,290,2024-01-13,Clothing,2.0,0,,,,,,,428,0.14161383571137154,53.828828828828826,,,,,1,5,0,,,1,,,,False,False,False,False,False,,,,,,
205,102,1014,101,2024-01-14,Electronics,3.2,2,,,,,,,427,0.14166065278842074,11.26126126126126,,,,,1,6,0,,,1,,,,False,False,False,False,False,,,,,,
206,148,1030,135,2024-01-30,Sports,4.4,2,,,,,,,411,0.1424293796277784,18.91891891891892,,,,,1,1,0,,,1,,,,False,False,False,False,False,,,,,,
207,154,1043,335,2024-02-12,Electronics,2.985,4,,,,,,,398,0.14308277587330093,63.96396396396396,,,,,2,0,0,,,1,,,,False,False,False,False,False,,,,,,
208,102,1045,380,2024-02-14,Electronics,4.4,4,,,,,,,396,0.14318572790609768,74.09909909909909,,,,,2,2,0,,,1,,,,False,False,False,False,False,,,,,,
209,172,1049,239,2024-02-18,Electronics,3.6,0,,,,,,,392,0.14339364789913728,42.34234234234234,,,,,2,6,0,,,1,,,,False,False,False,False,False,,,,,,
210,117,1051,434,2024-02-20,Sports,3.3,1,,,,,,,390,0.14349863176093733,86.26126126126127,,,,,2,1,0,,,1,,,,False,False,False,False,False,,,,,,
211,108,1056,165,2024-02-25,Groceries,2.8,3,,,,,,,385,0.14376414324892967,25.675675675675677,,,,,2,6,0,,,1,,,,False,False,False,False,False,,,,,,
212,143,1064,214,2024-03-04,Sports,1.4,3,,,,,,,377,0.1441983066780814,36.711711711711715,,,,,3,0,0,,,1,,,,False,False,False,False,False,,,,,,
213,107,1065,274,2024-03-05,Books,1.1,0,,,,,,,376,0.144253408954817,50.22522522522522,,,,,3,1,0,,,1,,,,False,False,False,False,False,,,,,,
214,153,1075,229,2024-03-15,Groceries,3.8,0,,,,,,,366,0.1448150034717916,40.090090090090094,,,,,3,4,0,,,1,,,,False,False,False,False,False,,,,,,
215,153,1077,367,2024-03-17,Electronics,4.5,4,,,,,,,364,0.1449296922483623,71.17117117117117,,,,,3,6,0,,,1,,,,False,False,False,False,False,,,,,,
216,117,1080,317,2024-03-20,Electronics,2.1,0,,,,,,,361,0.14510325392074683,59.909909909909906,,,,,3,2,0,,,1,,,,False,False,False,False,False,,,,,,
217,143,1082,435,2024-03-22,Groceries,4.0,1,,,,,,,359,0.14521999601411895,86.48648648648648,,,,,3,4,0,,,1,,,,False,False,False,False,False,,,,,,
218,133,1083,436,2024-03-23,Sports,4.2,1,,,,,,,358,0.14527868136358218,86.71171171171171,,,,,3,5,0,,,1,,,,False,False,False,False,False,,,,,,
219,171,1091,51,2024-03-31,Electronics,2.7,2,,,,,,,350,0.145755889693766,0.0,,,,,3,6,0,,,1,,,,False,False,False,False,False,,,,,,
220,184,1096,273,2024-04-05,Clothing,3.0,0,,,,,,,345,0.1460613368285863,50.0,,,,,4,4,0,,,2,,,,False,False,False,False,False,,,,,,
221,123,1100,175,2024-04-09,Clothing,2.6,3,,,,,,,341,0.14630983043573928,27.92792792792793,,,,,4,1,0,,,2,,,,False,False,False,False,False,,,,,,
222,108,1111,252,2024-04-20,Books,2.3,0,,,,,,,330,0.14701302518049267,45.270270270270274,,,,,4,5,0,,,2,,,,False,False,False,False,False,,,,,,
223,100,1113,172,2024-04-22,Clothing,4.0,3,,,,,,,328,0.14714412923983466,27.25225225225225,,,,,4,0,0,,,2,,,,False,False,False,False,False,,,,,,
224,107,1114,450,2024-04-23,Electronics,4.2,1,,,,,,,327,0.14721006870437733,89.86486486486487,,,,,4,1,0,,,2,,,,False,False,False,False,False,,,,,,
225,107,1119,421,2024-04-28,Sports,3.2,1,,,,,,,322,0.14754371459474883,83.33333333333333,,,,,4,6,0,,,2,,,,False,False,False,False,False,,,,,,
226,172,1127,173,2024-05-06,Books,1.4,3,,,,,,,314,0.14809170570787283,27.47747747747748,,,,,5,0,0,,,2,,,,False,False,False,False,False,,,,,,
227,171,1128,236,2024-05-07,Clothing,1.3,0,,,,,,,313,0.14816147201501734,41.666666666666664,,,,,5,1,0,,,2,,,,False,False,False,False,False,,,,,,
228,133,1130,398,2024-05-09,Electronics,1.3,4,,,,,,,311,0.14830187264450306,78.15315315315316,,,,,5,3,0,,,2,,,,False,False,False,False,False,,,,,,
229,143,1138,196,2024-05-17,Sports,4.3,3,,,,,,,303,0.14887537233033118,32.65765765765766,,,,,5,4,0,,,2,,,,False,False,False,False,False,,,,,,
230,185,1139,197,2024-05-18,Sports,4.8,3,,,,,,,302,0.14894843583578246,32.88288288288288,,,,,5,5,0,,,2,,,,False,False,False,False,False,,,,,,
231,102,1146,88,2024-05-25,Sports,2.7,2,,,,,,,295,0.14946880011860766,8.333333333333334,,,,,5,5,0,,,2,,,,False,False,False,False,False,,,,,,
232,100,1147,387,2024-05-26,Books,4.6,4,,,,,,,294,0.1495444422495015,75.67567567567568,,,,,5,6,0,,,2,,,,False,False,False,False,False,,,,,,
